viscosity,temperature,pressure,nozzle_diameter,polymer_concentration,cell_density,printability
21.283445463407585,30.741804724303368,50.81148582209593,0.3,2.5262826401925254,1.438400444631592,1
9.862180787864592,31.915237726268618,54.58480035238563,0.3,3.3095078114325305,1.2850650108857804,0
12.39136586141791,29.75894023759013,13.34037984632528,0.3,3.87364302373316,1.0148621530079494,0
29.174924415619653,24.57724627910205,17.01050870065779,0.3,2.471195804786971,0.8947300951956924,0
49.478762552004895,29.90801907054245,11.679700706499155,0.2,1.0048304746707633,1.730242312993622,0
44.571426748858464,20.316654014349567,56.352785714214576,0.3,4.338097248095316,1.2578592136462794,1
46.7979556874316,30.46334292093092,49.86036281144548,0.4,3.568010925335807,1.839979545498313,1
13.620274090354734,27.025145536893035,48.17992956060765,0.3,3.8133158862466208,1.334745282208349,0
48.854206244800274,31.917645911909677,32.48385650975061,0.2,4.422390054372034,1.5601622116886817,1
12.421492063137606,28.68128130752491,33.08911340655638,0.2,3.6195299926132574,1.398336784833343,0
49.3677421184561,25.591625501450366,28.187029088603357,0.2,4.753860834291103,0.9736802180217401,1
29.515687135504173,26.410293700381114,32.65298255354935,0.4,2.9387637471593435,1.8461493257743273,1
9.869883654627978,34.812912426984525,27.33577234205896,0.2,2.1297437966822907,1.0950592523814415,0
27.819628397249872,20.23224108162345,36.07918011713958,0.4,1.4320113222500996,1.646998460955718,0
14.476120458459945,32.11270909994933,58.24445696543914,0.4,4.402270740136401,1.1614281898999472,0
47.781828898223154,36.45095509404418,30.531596148007498,0.4,4.737464814943408,1.270347781315892,1
9.54011373919355,27.626552364945923,17.45438256210108,0.2,2.480897387303517,0.8600508279378687,0
34.08384337226138,33.6999392461757,12.134582167239962,0.3,1.7488778283993716,1.775902043095274,0
26.136785725872432,34.41456064602378,21.20976372391924,0.2,3.919916335033934,0.6050268745076421,0
42.66622396018957,30.852963462596346,54.94684448161706,0.2,2.42486082298078,1.7072860546996498,1
41.54650232158185,36.98991928669497,41.820868489880006,0.2,1.6400754275290765,1.854222088785589,0
16.162694082659883,22.29561313939178,40.734532373985736,0.2,1.667906628819023,1.1783887930064418,0
21.037457469454594,27.55898687389535,52.34103951908267,0.4,3.2970366915027745,1.3386299074211079,1
30.823843427940393,21.697369572322586,18.408237935304324,0.2,4.14738287980079,1.003931322087381,0
15.132132051385286,36.40042354449529,54.186861571766144,0.3,2.7897459911662166,1.805386824901141,0
32.09279481781317,35.955511371656044,12.738351116028365,0.3,2.1772374158947145,1.3491655576226638,0
8.120885945910555,21.361813435809488,30.828622021364723,0.4,1.5905303794451298,1.6250149288853322,0
17.65980643991034,30.493671454889864,36.79461603166248,0.3,2.8165195999370556,0.9379965638133847,0
27.290403310481114,36.72668057258844,17.74829699605134,0.4,4.8025116534392005,0.6267802106356372,0
8.537994280196196,20.44842089196332,15.837977826952194,0.4,2.402494460160137,1.7016437529689887,0
32.30295308474152,26.85567266612846,11.769147027473128,0.4,1.9303685661914094,1.1919257923572149,0
10.095198103752677,26.78554361837638,51.7991469971752,0.3,1.8405231751665858,0.9774001931775727,0
38.43877230860805,28.02228433224419,30.748704480833563,0.4,4.697741003598564,0.9215241139624979,1
16.024771594559763,20.03671519328523,56.5892689825095,0.2,3.7486355920839203,1.521479446877593,0
33.23618716324729,24.324490075533326,59.588516947901745,0.2,3.0922140432147502,1.2831992894467596,1
32.505352967428266,24.17669377011734,44.330054421524096,0.4,2.130090743618768,1.9048535733411731,1
36.25733162348277,24.905598796341287,20.784780777518442,0.2,2.160714013171359,1.3343841805816956,0
39.942302666509384,31.38125906049224,19.0794367946499,0.2,2.29857824163266,1.9935921104703531,0
25.179478487194128,20.952663415253326,44.86318413029822,0.4,4.048256019558348,0.6212995017883691,1
12.9977122817095,34.99995362495622,31.570831077528197,0.2,1.8509898080208287,1.0644619593128348,0
14.66043910411275,30.564819616076925,47.408019145209195,0.3,2.6592811110883003,1.6859137252397711,0
19.03855492106355,30.92000196236181,12.115264778626447,0.3,3.4028585048249025,1.6778786863433084,0
17.256821747586685,20.34034586202303,30.483907424829905,0.2,1.4284809652794372,1.972785554095124,0
7.718458562423094,30.7849370506568,42.960521101615235,0.2,1.8065229472317466,0.80170793723691,0
23.829840827737684,29.485292222250607,21.34913260535216,0.2,4.9142522162848294,1.467605914273562,0
23.57369441463731,27.797355213941977,21.468690170425525,0.4,3.563311594912281,1.0563146347673766,0
33.58080802524165,26.27379930698835,48.13173092817369,0.4,3.6664172946122084,0.7941499081852563,1
36.75925726805288,24.950197682626655,36.48749867254794,0.2,2.3950808621840047,1.8530194146874999,1
47.77808406798734,35.61589434075112,50.948091973261874,0.3,2.335882374702092,1.9964154550869124,1
21.19956019389039,34.16399082989334,42.580053613617075,0.2,4.027223095944274,1.3248040694933754,1
21.636833113908224,33.74215045772412,30.92639516862766,0.3,1.1997703185352933,1.3482366321219512,0
8.715226022922192,35.895712391929166,15.649876845741701,0.3,1.3084460710296444,1.6074123724381377,0
30.29084272088408,26.5314309160416,47.77822589999636,0.2,1.6610085812036095,1.5324270748807014,0
33.5777395735965,36.077325503809035,52.172371583896286,0.2,1.2718190884378484,0.5040914168833992,0
13.993980630479761,29.312095054211483,22.701221127296403,0.3,4.075633455185018,1.0910200367527763,0
11.413601974837759,24.828044003553952,11.373344707521468,0.4,2.4475894289095,1.7171684079535439,0
10.396979400711515,36.15050014707403,34.26219634498109,0.2,3.5311533793395697,0.7117223981365632,0
31.651875860861445,30.046295115236077,40.21827155674806,0.2,1.5741419110592156,1.0768396385046946,0
23.80409033265354,23.884198008802493,55.68844768447999,0.3,4.052497988665371,1.79325195280281,1
30.058583459621637,29.753896464844537,44.886892592765264,0.3,4.624038694467307,1.1009580269958326,1
17.687442013139062,31.119613347968873,32.94610770340624,0.4,4.546748082044079,0.9809590781840095,0
39.14059063182079,36.098260175555794,25.785457988055583,0.4,3.700999344261794,1.1487909997134484,1
19.324299099564545,22.981522482790012,31.691408604313704,0.3,3.409758257594787,1.0433848134568589,0
39.80448811902672,33.850413084644465,15.032861461941962,0.3,2.0043220362495275,1.2985575003259227,0
10.305350704695746,22.374326002778417,19.967870654043498,0.3,2.8983065474372753,1.6206583678014266,0
6.16418928546998,32.52710845887489,52.0721853656368,0.2,1.4341367906468454,1.3086613782490455,0
40.89899256398645,24.936556025483483,59.808110888417104,0.3,4.105211436489967,1.150060964767801,1
45.94640669198853,34.286476086240896,32.629776872789904,0.4,4.7011115403159565,0.5030005800385632,1
21.590841447258097,22.20416944330337,10.653432876877735,0.3,1.2827360217662647,0.73776322067973,0
27.432148291592426,34.16952939010122,13.336983828769618,0.3,4.458947979688387,0.5029671665386344,0
26.840650092888524,36.469198793639265,46.597892060177436,0.3,2.1757101014407474,0.9300400977486036,1
7.3389677815767165,33.95279008298928,50.48360756849457,0.3,4.576868521250756,0.5743152211542244,0
26.83414814722784,33.599761921676276,29.402295707182425,0.2,4.322045340307662,1.6045625525210734,1
20.466614761049033,34.72990441453321,59.62851384937157,0.2,4.70415812768295,1.6114236074956176,1
15.024580142709588,21.69255629730613,25.795080358139046,0.4,1.8713342625745826,1.5768271776746363,0
33.71155450318973,27.232212774100216,32.83606917202143,0.4,3.1158724629152483,1.1209181355399216,1
44.5719545357359,34.57450852465202,45.14556262591114,0.3,3.063605713575647,1.0258173224383729,1
33.180457216436004,36.744192249601724,55.64060245459727,0.3,1.190669818934981,0.8289361017034704,0
25.892193195011895,34.9114903018274,46.03972812430541,0.2,4.448141449227872,1.2501886054479265,1
20.181002294788158,32.26689913266957,18.368293453128107,0.4,2.913898872622442,1.931514372018409,0
37.022252116597826,35.21757439562083,42.37157753288379,0.2,1.7282523003800407,0.5119139227493139,0
34.424474759419745,32.55043076880682,31.891542995952467,0.2,2.923867074784534,1.392711081529773,1
27.954168651378083,31.65779118544148,11.671360285070268,0.3,2.8461090212532225,1.5105544840936465,0
22.082628390123084,33.56406849667141,32.8832629751215,0.3,3.9171413376066577,0.7194023326011924,1
22.721350726305744,24.908883553964117,23.227620634088705,0.2,4.247364845471429,1.7442525035743865,0
45.72303717951037,29.2514644806396,58.41388930494286,0.3,2.321818089918864,1.81393233002522,1
32.31733684646143,30.02760585570562,49.090376658155144,0.4,4.380587723535443,1.2393489524268702,1
23.250878634242504,30.159398170628943,50.79612442495359,0.2,4.128347661700776,1.5037082530283774,1
32.53717148692825,23.20324809108824,58.868224602702846,0.4,2.7712431416372527,0.7842774804911665,1
37.53105182221241,35.79024564163434,20.915700401273035,0.2,3.470509120416445,1.8278571136628574,0
33.26990100358155,23.55025407507287,40.33354614989324,0.3,4.526319323029676,1.4346240194196298,1
37.61002413195556,27.51974476405685,47.158558467904996,0.2,2.144779061876044,0.6457168713381893,1
29.036817413216255,28.204649095973156,45.36856864190647,0.2,1.2771096852191959,1.5492820436321095,0
31.30742091865082,32.81359478270819,16.191293829037885,0.4,4.9717149624332135,0.6916930602144034,0
49.30471735109073,32.42522963648153,27.038479052630638,0.3,3.65116332697385,0.5852405485634866,1
17.25182365977568,24.360960811750722,15.282749134492414,0.2,3.6005919830928153,1.6244924150504692,0
28.538415780018127,30.66706984635994,11.07453199322945,0.3,1.5845148005150627,0.9980603889915325,0
21.78233666722773,30.28406715743619,47.0000492177401,0.3,2.913284409865113,1.3437282980037981,1
37.275105733840284,20.353872673998836,59.92636850308247,0.2,2.296624386927158,1.9784638263964642,1
6.905468097087052,33.98570661383282,14.56686656170875,0.2,2.2782242800687587,1.9095146867415451,0
18.603076720533046,25.34618932195275,50.23526412132079,0.3,2.1046605044205133,0.9575928609905744,0
16.425673517811354,31.702060555348858,57.627808116783335,0.2,4.5824553907715675,0.8019422450847353,0
18.88704799993031,22.337804666006008,49.23133583023148,0.3,2.7320469629187363,1.859966343980271,0
42.04431174843924,29.143967842522333,54.92199051165517,0.4,4.0403216245467775,1.347362983943851,1
9.555256170112596,34.019882753094286,12.00806850128975,0.2,1.9547723761920461,1.3193074652925416,0
49.39127760452243,24.527773412652888,49.79096198087965,0.4,2.65561598395764,1.9349750418784104,1
25.698804942116812,30.518323193561088,19.41441779034196,0.4,1.6383522658683733,1.9705782358644537,0
35.11234061067456,21.142205216838803,55.07530308883398,0.4,1.320264640203804,0.9707647540645379,0
13.861869539573476,28.533379901366793,41.53805450883979,0.2,1.0183918466590884,0.9031727362584683,0
33.011400443975475,25.676745854394266,44.04934793940087,0.3,2.7603258994025075,1.4396505261165078,1
9.407131530486257,36.50024643632981,12.4310365195097,0.4,1.2815774094681585,0.8495301740476524,0
36.61664766542958,26.608872267922234,13.7835820344497,0.2,3.7839062482210255,1.5954070195550207,0
5.68684440381343,31.15778670591066,13.815834528897504,0.3,4.8381773473988705,0.5226460176640298,0
16.613164080889582,27.17457364990933,44.83158828404464,0.3,3.278100503574508,1.0082299031626123,0
24.570825228614925,23.16659163960757,55.10460349231686,0.4,3.9277197367148786,1.6057104462227305,1
44.17887348966954,24.16009557978898,58.801445941413,0.2,3.5284928711822148,0.8930093329237568,1
22.89867064892291,34.77249930743384,43.9018059611789,0.2,3.5737923800601146,1.9996722455118832,1
48.07700129658786,32.15095864992615,36.41579083762423,0.2,3.070978795454111,1.7896029914473783,1
39.17169959371954,30.61072235833351,29.319687733110612,0.2,4.3854162223626565,0.61295963918844,1
43.89731008207506,31.84340364161032,18.459532591756677,0.2,3.061404286899692,0.7709479182175136,0
10.478855347347512,26.05142494218236,38.739908400608584,0.2,1.950933166221192,1.4804171057253508,0
45.881441729145585,24.109755633110122,14.405920367554266,0.3,1.1031728621368324,1.238873754606765,0
5.091664008376405,26.65004996201239,50.11817032049178,0.2,4.747049502486936,1.767042417870857,0
47.7601915631117,25.435954061415025,18.551258579137965,0.2,2.6761029256712736,1.4369677694626293,0
9.673582134494971,23.05014549085756,50.132269758181806,0.2,2.400924525172862,1.8235596723768674,0
47.97112575080803,29.727474088543946,31.35732571740428,0.4,1.4566812666667954,0.5949100931045793,0
49.23500907677205,28.25748022531984,50.11481978148696,0.2,2.682066687899544,0.9882310765574562,1
44.978361584361124,26.105599286677005,11.21829871200454,0.2,4.194029212266329,1.298063270919217,0
29.992799342931644,33.40340014610464,12.67150207570438,0.3,3.6418167847138663,1.7374213347541945,0
11.912374529650451,27.849979244462183,46.174513911183986,0.2,3.459245285491552,1.7171627178901685,0
46.674462815421236,32.99692082924038,44.303027997296226,0.2,4.144136726516054,1.2736055229011052,1
43.99468351565176,30.11079342537619,13.663950622193063,0.2,1.0170287105039089,1.0402402452722939,0
29.205255030350475,24.095458840557207,29.121992557490202,0.3,4.210792546882999,1.1961702150290618,1
36.384448114853726,30.35215968341216,56.854128733464876,0.4,4.512145961139412,0.6943083951925615,1
33.58855511372167,32.46109665086381,43.36122176600747,0.2,3.296135504560882,1.2755595799081718,1
9.720067425047542,27.185691187949825,42.32036932142925,0.4,4.7959399572953005,0.7318375427608188,0
49.075259654373085,30.053448201132575,25.43339711513559,0.4,4.7602090499719445,1.7102371257154774,1
48.9299850535134,24.62095549487256,27.244173029324177,0.4,1.992558778268433,1.8720486421767095,0
10.254630462159486,31.834494372099506,42.3921955211537,0.4,3.395481520739704,1.359481918990197,0
18.531732053957995,25.723631835231462,37.882836534011744,0.4,3.0369600538648247,1.0460252218339203,0
47.87409948146523,33.124217680809,11.241093960778706,0.4,1.1686709388170233,0.8773160958736499,0
24.997872074975373,30.8212218395554,55.6874908028864,0.2,1.3541490436321948,1.3686567354845103,0
34.3011346877594,20.25419746981975,24.839599501219347,0.4,1.8129529665475088,0.766131882139095,0
33.810561463960425,25.61880869978078,46.93512015331066,0.3,1.579493517439762,0.7613810504011908,0
23.580205914556053,34.639329975459745,50.15549126586387,0.3,1.4752084965986185,0.6883463992507137,0
26.106578855287125,33.48905177240183,33.0765654545242,0.2,2.1903071962916925,1.8987072098398468,1
17.833811108100313,34.8925512134736,24.500338182172896,0.2,2.4849594845439102,1.5426131203434699,0
32.40403551657627,21.67033818715047,27.83532265887917,0.4,1.478163227703336,1.468825575814479,0
40.078176964361184,27.958707672761243,22.45190520582083,0.2,2.379208007670786,1.6489177166394153,0
45.94908104089093,21.09728845274991,43.02544527212142,0.2,3.9258545417841626,1.044754444624675,1
9.476128900103397,26.64022142572957,31.41493307874558,0.3,3.6833661136501976,1.489476925074574,0
12.18828849324105,36.239836614999234,29.410065928035635,0.2,4.618900479835473,1.8372706933296934,0
17.53851198992176,32.039167854892575,43.68815007405831,0.4,2.6149788614037863,1.86434845300888,0
34.36171571136242,30.6941943206527,34.65128344243902,0.4,3.9884764826273575,1.2189104012783307,1
42.74804556314917,26.873107550010744,53.342361418996184,0.3,4.796044154958287,1.056499991369866,1
9.58518965361434,36.497822756866874,14.910726568465545,0.3,3.259728036977952,1.58207144833241,0
19.49051021719368,28.83858377514647,33.565153744760266,0.2,4.793393890926719,0.8474012565682907,0
45.33450748266996,30.61521615780905,31.700587757581747,0.2,1.4762577980791205,1.6187013130704837,0
22.15787411576214,20.19478904535501,29.924487577890947,0.3,4.736560051744517,1.8131450477571418,1
49.06253315148788,28.092901396013197,53.58275204760659,0.4,3.237700011031908,1.6564179596798523,1
21.645763854677153,28.073087138626132,42.36615026331006,0.3,3.037951230804716,1.5807078998787107,1
46.68050951169776,29.419972759468113,16.58693823907331,0.2,3.9075238026266756,1.6717600502112586,0
33.34318525939983,26.76353860514481,14.785120531186038,0.4,1.0845488855006593,0.6976244559721734,0
49.69065662689883,35.93083040390705,56.91211592368344,0.4,3.355482333115892,1.9787645592263847,1
26.954477971626257,29.73323915009657,54.71147272094025,0.4,2.1173607233529683,0.7666191893600771,1
48.834128867969596,29.99609984247798,12.843423202598489,0.4,1.8518396623006534,1.1442329085692209,0
24.575769873462658,34.138708098091065,45.91019999706192,0.3,1.9005720167581166,1.0641175378116,0
24.59438287377017,29.659391617883074,44.63570667468142,0.2,1.1459300710002256,0.8157638042873339,0
33.34680362008177,36.0941693452458,18.198140071239756,0.4,1.1119842430102165,1.1386705635950956,0
15.561651837538463,23.639499885276194,46.20167745860262,0.2,2.047194319322378,1.6917666225580947,0
15.765825075839066,32.271990848781854,35.00522993957371,0.2,1.1184317753123016,0.6654694972351611,0
15.097736985518132,32.294264731641654,29.01876655909449,0.3,1.8175964321414102,0.7103086224206514,0
16.029108161208686,28.862913204605093,45.35830120332623,0.4,4.281551433008852,1.2958495460685144,0
25.156144038212943,22.09832236131549,24.215883667607017,0.4,1.5545989775165903,1.6104224099390143,0
34.661502716849114,32.10938919276869,53.67861158181936,0.3,4.650501994091956,1.2226483058443076,1
44.441227153268606,30.0072388966159,55.69793353570821,0.3,4.960280461540911,1.7904873056644568,1
23.497139763659984,28.62607187715938,31.08841025353248,0.4,4.806971005860916,1.1653234385031626,1
28.28215551499108,33.25980655259657,59.47987454553332,0.3,4.614642772033854,1.9538959131531892,1
44.443032087671256,28.18464526599312,24.03710516032811,0.2,3.3783620528758505,0.8205411048172837,0
18.42675227293156,32.83071072877769,33.19617003586544,0.3,1.2265352995525345,0.7472027900137337,0
42.85282328731391,25.091086770817448,33.90689956995392,0.2,4.516575247065897,1.1473671537683676,1
22.261022242178914,33.15823638026938,53.315100772595024,0.3,4.9698896066491045,1.1801942645663508,1
8.680260011330045,27.99214175074347,22.131916476715702,0.2,2.4964371267411694,1.5553191261072459,0
48.971664144070665,24.378495272072982,45.22548310271954,0.4,1.66987617539999,1.1613491158794893,0
19.167272802357147,28.709956378729984,31.440009525344898,0.4,1.3075457505786363,0.8409865988050903,0
13.10277309196444,30.976884762318306,12.503666463318659,0.4,1.414036974578985,1.4163332401053532,0
31.676286052124716,36.68692784175862,39.85360597955648,0.2,4.533383361164649,1.2382898192896121,1
16.43513547873511,26.25617638209379,44.73419844947978,0.4,3.9183206275613314,1.2445425019455376,0
25.749517552709634,24.87778717642466,10.151021075490466,0.3,1.2900063892435374,1.7206439581381183,0
13.361669880009947,30.169534967997564,37.63884810379773,0.3,4.086114791445079,1.6477447672812315,0
44.855963055391264,28.36004092489447,47.15148322668067,0.3,2.06204282420472,1.998454567084653,1
30.401746501731736,24.668074125939697,19.67061628663547,0.4,1.5667371097778515,0.5524822771409789,0
37.95567661030691,24.795518346806602,17.605949477525115,0.3,2.6711015358225625,0.5746441985767743,0
38.98537695454059,27.311099651141674,41.27120046274367,0.2,1.3492513014711793,1.4575854250898175,0
27.29301453806579,26.372720892984614,28.041806506880775,0.2,3.2794995018786004,1.2111400634790823,1
15.970940007388663,34.908345228336636,38.818365527146426,0.3,3.268594649173253,1.4444683269368968,0
37.14316823638414,22.642440343232494,57.52490163318892,0.3,1.9718250922211853,1.2741481876921628,0
48.07965479722035,27.458345424666405,13.336167365165082,0.4,4.785007493606001,0.7277514017673319,0
13.144652414723236,32.43234881127671,58.241837752856235,0.2,1.0987891837904384,0.5248195293242672,0
45.881228237426605,33.00443631851968,39.22302563853045,0.4,3.9646592763410733,1.9956128830391724,1
12.535755548329599,32.854512751207025,25.231443155941765,0.4,3.5701210338964744,1.522874433473177,0
43.15383180636138,34.236127204212735,41.65979467883503,0.3,3.6034607971348285,1.816990385693364,1
40.56859725723471,26.677079320100592,45.885112222823594,0.2,2.3556337965050087,1.6467111837030408,1
44.75748606037478,21.164046832140535,18.60840334422138,0.2,3.6967667661126207,1.0080438663433788,0
31.109045887904667,28.177539147902507,31.3619923013669,0.3,2.6538768738872887,0.8777670632908527,1
9.052426699021888,20.034554674979198,59.73675874917171,0.2,1.9126985741167255,1.1666779559234306,0
26.906966636324505,31.436194064356794,14.783763363582983,0.4,4.874461308768832,0.711530426631706,0
34.5459377494648,31.641557711719976,18.220558266365742,0.2,4.772332503381088,1.5063429916524556,0
17.691254151755935,21.844277717338407,58.119977842979665,0.3,2.1247655397018255,1.9704164325439248,0
31.776029378062848,26.88582147662412,58.633630075986936,0.3,1.9042142381681795,0.6424167446119327,0
47.996631322050334,36.78379295917586,24.70416429568909,0.4,1.016149048989417,1.8317656765491994,0
13.175651502649703,32.954782524254156,27.25084808407588,0.3,2.027546987641784,1.5359565652455598,0
17.042393218115887,25.18041987507722,25.758876934791633,0.2,3.7351018577347928,1.8674479154710435,0
20.00528580610801,33.77809323966156,10.312435910931974,0.4,3.3040451115371914,1.866741970415827,0
46.697553727442724,28.43396314634777,51.99069932266951,0.4,2.0598963719649097,0.8243840134820508,1
9.661462803721506,23.225465020714633,41.92173818799209,0.3,1.321970656063185,1.7865424744143596,0
8.853346460597344,30.192625068189557,40.65338056847139,0.3,1.304564364820175,1.4102155697962397,0
12.218595597018144,34.67983232452867,58.93286341449853,0.2,1.3277213401204753,1.9017928589697415,0
45.47291966250766,25.516078175193087,24.091832804366476,0.3,1.7948765925477677,1.936190305324558,0
23.973321013271544,26.5011249985524,11.191189707360135,0.4,3.128934742735281,1.637179965811071,0
17.30967285672,23.886552693732174,18.484443642592595,0.3,2.621776684662344,0.5147817414563722,0
29.921987767902266,24.389479098665348,14.02114318862306,0.4,2.207666721744338,1.4057131252889357,0
24.541569127845047,27.801663762743143,58.65645248498111,0.4,3.0418712926243265,1.2027964620140867,1
44.67653791816106,32.4718075669838,36.04140773531373,0.3,3.005357585910762,0.7906842477808209,1
39.829964275599245,27.080922894677737,35.677128910158984,0.3,2.83341068109799,0.704843368006625,1
33.74277517396584,31.49351987216705,37.063085015973684,0.3,1.9795964133931294,0.97556746881951,0
6.69117360648452,20.303409449692456,20.921084905715638,0.3,3.9715571995153436,1.8787297844370432,0
10.24578696804113,34.02029772238447,34.20164629297456,0.2,1.440957399515379,1.500829450806894,0
36.860365348265304,23.268240780622687,22.819624406942765,0.3,4.4689003308979,0.8549349056911772,0
47.62082345956068,27.33422564761889,27.998251535419485,0.2,2.547467035419562,1.8279594915002346,1
41.419585050178085,27.3962861818227,27.066627541846053,0.3,3.014408492893809,0.5476899495535581,1
37.808577835404435,31.143279072546115,49.3547499260913,0.3,3.6731942333396304,1.6045686393405323,1
49.52033946699986,21.403756042141435,34.55100991208383,0.2,1.9916704983138431,1.1496273525649796,0
27.559430841054713,36.9307607385576,28.992530233949896,0.3,4.033675018466042,0.6451890616770722,1
47.248328243150205,23.942031942929408,30.06986759770944,0.4,1.756641381804676,1.6858061740406778,0
41.42382449824991,35.10584076950824,41.077233815020655,0.3,4.831260980021552,1.3335892839468535,1
35.20266270703257,32.49545069818821,20.67487184424727,0.2,2.991259705682972,0.6823518119725679,0
7.792401728721609,28.935315497798506,27.46353652153924,0.4,3.665335325616068,1.6174628465175234,0
46.50318163686669,22.425014925151487,55.39835698285896,0.2,2.468244536132354,0.6536465331443619,1
48.744512140884545,26.168174973177365,10.21887749753105,0.4,4.308528549831675,1.380300248051472,0
43.18958716387829,33.74503505197607,49.82940151902699,0.4,4.93241014066138,0.8766915631910757,1
41.769445105378274,24.879239085156623,24.621113988039248,0.3,2.2911987920500483,1.5425486617366637,0
22.52854314849664,20.222262594265906,51.79562655116207,0.2,3.786907887894319,1.8690307952564815,1
11.648500146524302,28.94472322431233,29.445799227850557,0.2,2.6066319187825946,1.7502151579931422,0
37.703457215471,29.81345494109211,37.13753316273651,0.4,1.8180686063862725,1.680664899306813,0
20.697053009098575,32.68299636513662,22.82735631094973,0.3,3.52349475556854,0.9455662803076854,0
33.621584591669404,33.407013496986075,21.127242387557185,0.4,3.3311228136938436,1.6566870962493354,0
45.18807721497355,21.81372335905928,53.04249130489892,0.2,1.6525612939186765,0.8442861997625608,0
20.33417418260317,33.29567232186358,51.775267493052255,0.2,3.3333825106101185,0.6747976730858778,1
23.19322343930978,35.66970125178527,46.96135795389567,0.3,4.1925393374384985,0.9537816157259036,1
30.87373846925198,32.128522021633636,49.36211061535798,0.3,2.4690772421273195,1.3718074565180844,1
6.744427628585116,30.25181855666836,12.058450868606453,0.4,2.400095488865388,0.6040596088981564,0
31.85348452730789,22.108583998690136,20.286845012842512,0.2,4.2469521611824925,0.5841004128142779,0
27.90697212959949,23.3177081364987,21.143326560976078,0.3,2.9866629651829117,1.9092316508472096,0
11.128039011880285,36.62223372575797,57.591685958186225,0.2,2.4068602252255156,1.9945011769901808,0
17.936993319553252,26.696706083710275,32.55046275729191,0.4,4.657261416593418,0.5754029589587497,0
10.675005926520488,35.11238526833472,10.135916654352975,0.3,1.2089901767825633,1.6277741806831114,0
11.160075707786461,25.30258111796398,12.38615893851773,0.3,3.9472084355622847,0.7756883763164037,0
40.326305355801644,22.494233137794296,57.86694408372729,0.2,4.801612323302017,1.3703844548080846,1
11.279413889636556,28.423393702281594,18.368534407550133,0.4,3.4330074040770873,0.5766285127305335,0
14.189325555066487,20.732599542497912,30.110961579338476,0.4,1.8643119811975142,1.9797518178842703,0
35.691943126310804,21.853671612918234,13.153908599167405,0.2,4.640265170104049,1.2957144455700826,0
10.617935654782325,27.951029804304067,37.72157851401456,0.4,2.1307991809432982,1.0650847880564307,0
48.645637221282506,31.055181500436568,18.305697246938728,0.4,1.1427137412655073,0.7092159715249778,0
37.89458175472964,22.393615963796265,50.79356300744695,0.3,3.2455333277187184,1.4645318080496548,1
35.71288037355872,25.667869889619734,18.579695202991907,0.2,1.374394478822357,1.9101550055476495,0
37.39860936107784,30.244969220103876,47.652064838191144,0.4,4.623198563117074,0.9191205725148113,1
44.16422952673674,22.037489960077313,51.20550612049902,0.3,1.1193483825382469,1.8410009684444852,0
17.902391392244105,34.49932677612852,55.26804051917859,0.4,2.33836796727674,0.5036122457057071,0
34.84269922918599,34.926234248270504,59.46244020372986,0.4,2.2256459182573436,0.6476660753648762,1
14.463732771450001,26.873434557013976,39.966953498908126,0.4,1.8899237134325335,0.7012751808902615,0
23.318450213878844,25.462682505682725,38.999842826771555,0.3,1.1769984369355728,1.298802979852084,0
45.1147754593566,21.21729808601231,17.429116575875998,0.4,2.3327379766453107,1.629157071119537,0
9.228745084250368,32.40631331729985,44.32030846616371,0.3,3.2106659386588148,0.6395165614166072,0
20.21999263743131,29.98947169087587,11.302907135892923,0.3,1.7110512805606803,1.6082985504861327,0
14.516292616449123,33.155968897107776,10.917579743839525,0.4,1.6582771134722556,0.6786076578695817,0
39.93831973686266,35.60619172652245,54.27749863351522,0.4,3.0237605035559203,1.2560865800831733,1
44.43157199591479,27.5057322090498,27.20272337703104,0.4,1.9655144041612713,1.7454853353104895,0
21.519198066778,22.491527326544926,12.064855589770993,0.3,3.254720256275234,0.5988822720268232,0
13.639214712264934,25.643133684001604,23.476643938651666,0.2,4.302537982757906,0.6675226732811278,0
27.89334505113115,33.783972086109436,31.302465429006794,0.3,1.5841352992014959,0.7616993567352102,0
49.80458989790694,21.895923974933645,29.565438623368053,0.2,1.4928623809138117,1.0277671185984316,0
38.409406245389455,27.709225002820293,38.70794761176978,0.3,2.544692131828815,0.7954598882362895,1
38.89148054439433,32.49647967758812,32.582789096952645,0.3,3.8454877738486952,1.2329115701441804,1
22.09251941224717,24.923212812660417,32.76224689212177,0.3,2.043039815794091,1.629694492964803,1
11.996517033144297,31.753474683590195,28.163729076426034,0.3,3.6924508706545622,1.4007084240336463,0
22.262260925513008,24.90146818279414,19.675854497817493,0.4,3.7031755611273067,1.3545630638411426,0
31.75954804401581,35.51298233162931,31.394264363273013,0.3,4.026911370189188,0.8221997416241611,1
32.26940030310551,32.651140536648754,19.135205126316727,0.2,2.7762174146857586,0.617019051059095,0
9.774754606402546,36.82239517853614,18.971729219482288,0.2,3.3844987554401764,1.2246048263685538,0
5.492494525186501,32.095632603178686,47.4766950268345,0.2,2.1051841969074645,1.4430892796822357,0
24.361940432139733,28.697284780406953,59.49404551187479,0.2,1.02322437136855,0.8067552695596375,0
10.791191891465527,22.226352734821845,46.675853363309365,0.4,4.956221987074695,1.4564841481434767,0
42.55111777124718,31.390392712267847,10.473838407200361,0.4,4.646934364241662,1.5150209314572125,0
32.46687971161346,35.7900439429456,36.72270870136574,0.4,4.03810341589163,1.5249712911823248,1
45.99099280535929,32.95176080466763,38.6013026183734,0.2,1.4189113669944953,1.4458198752252178,0
8.217351827115877,21.02478442398295,28.88967843901792,0.4,2.842325102433746,0.8257228831827277,0
14.823366447741744,27.921523400841057,17.085327483139675,0.3,2.5346899028117003,1.9777388893007692,0
42.723854496949194,21.245159380317794,11.889848735756605,0.3,1.9566304226929785,1.0061979963557506,0
17.407406551963533,35.73807558863249,35.404193111284535,0.2,1.428691874718505,1.249854250193675,0
34.92969641715452,35.875864384021575,59.01282214741533,0.3,2.598722024284621,1.249015178771941,1
39.273758874959576,29.314979429245263,39.47943243884542,0.2,1.7104429136996973,1.7743589798590245,0
44.07814781963538,24.76413460090488,24.420285211679712,0.2,1.2478531749326471,1.3121440877171728,0
8.064659149027014,30.07866085941454,34.080161905430614,0.2,1.4031916111185723,1.006485638986198,0
24.074799807189084,22.710711911536784,25.53847264625439,0.3,3.735374934003387,1.554834555052271,1
31.9004507929435,34.37599793928038,29.518907317468603,0.2,4.838008870222526,1.6616292446096836,1
15.197922536751607,20.19880335541639,19.966621206473697,0.2,3.180098874800196,1.0087928116979594,0
28.823245110208813,20.626890354068642,17.215289649622235,0.4,1.486705464012299,1.1887426905117295,0
9.979594119172937,20.700637007002893,29.075853915039016,0.4,2.8624715443924362,1.8051361869251195,0
26.422067818927435,25.642854791481078,41.16787211996872,0.2,2.432572780887712,1.9147576073373314,1
10.01341897623858,20.773485209886665,56.6012983559648,0.2,4.873341254534505,0.630522820605848,0
20.73999762381226,35.8115221513592,11.121520032918466,0.2,4.325979182546504,0.9099984987250075,0
7.72532202233363,28.89526341649417,20.675579596655666,0.4,1.5078591831766572,0.7004746300464104,0
18.307160241427106,33.77257159335704,49.840539938384744,0.4,3.2004100756722966,0.9555846779307009,0
34.67254630905494,20.352589533799627,44.4331543400737,0.2,1.0743352486900246,0.8347137055515303,0
21.002936271954123,25.39801953350655,17.138397905149823,0.3,3.3713287851659874,1.4083850617304425,0
22.67128248945712,34.17752286503335,23.964278786409146,0.3,3.461134878102813,1.5014033455868783,0
14.086851970642241,35.292029195711365,52.9947076266002,0.2,3.8028474705299606,0.5341247469068846,0
7.362292164757673,27.94395615027831,15.50872963032899,0.2,1.1869581909489213,1.3046453301586791,0
36.345611888912146,36.782929016311556,59.25740815572315,0.4,3.393930506749198,0.8853202182582068,1
18.805662942360925,28.586754706703807,12.594379182999944,0.2,1.819994528789215,1.227194317320675,0
30.379565989961336,30.67197217509574,31.722756337120906,0.3,4.654375833640659,1.7250931609643008,1
34.99185392320916,36.310482323253325,18.23463761713224,0.2,3.666043601557115,1.0844793945616589,0
45.006336363139525,35.297139413062126,15.637016187400313,0.3,2.897744406408247,1.8081300567305587,0
47.18902421009354,33.6521502728352,23.585865272541003,0.4,3.1205594036570408,1.7004631939682593,0
17.26047416879102,26.73903342629158,54.76456978783237,0.3,3.733342078994575,0.6702996008073825,0
29.86582748366471,31.897799155342142,42.42762833988812,0.2,3.8496224102873495,0.938926500393567,1
38.31997513441976,22.994914434326617,15.273378640859438,0.4,1.4972320730945325,1.3380789947078524,0
43.30078625556441,36.593524246193056,52.58147930983985,0.3,1.0181017510758523,1.8547483846801043,0
38.2638248808498,31.25370736220119,27.857922391706392,0.2,3.801470748436703,1.4135316522548829,1
42.85384021028567,36.836219776461604,45.17266299768097,0.4,1.7258781810685195,1.073018785498246,0
42.49155740734104,30.02514750859381,40.15850155684349,0.2,2.8518264606714028,1.7283935229279153,1
44.72099351876012,26.860467236953408,13.776930212190805,0.4,2.506877667942923,1.4369766524010608,0
44.322472972210036,23.982343303362413,11.546375928708986,0.3,2.085075086887843,1.0005146910017721,0
34.89484810195594,30.893696765888922,55.87347182281236,0.4,1.8258097131010445,1.2945394418310125,0
25.527149618141614,29.32882400609963,30.63408768340544,0.4,3.5531800316777242,0.7497976269744753,1
9.654279468303068,20.28189340531373,25.37023001395704,0.3,3.5078110930055106,1.8081625760715352,0
16.313927947358366,28.361093078109963,28.121478329334252,0.4,2.7690315443642533,0.6893798501649993,0
46.63224033882328,26.619408553285364,39.705626942941706,0.4,2.349603569885683,0.7518372959541737,1
41.44045526815588,29.357780996329655,32.218281190200855,0.3,4.298778916595102,1.3619608453760892,1
35.697276310883424,31.185660650342363,23.061086980746673,0.3,2.7596263570370425,1.1484336256521683,0
48.73631653287056,26.891807853377777,37.67634064768456,0.4,3.7503960278705253,0.8894100630994859,1
36.828411516294814,29.087835162971494,17.611412888828674,0.3,1.1151112843717437,1.1596279424597349,0
22.315668453620017,33.13573218187725,55.436199853231294,0.3,3.4780104597319936,0.6518820006605467,1
30.27664149273142,36.59617437303629,20.94735067254672,0.3,3.7695440956324773,1.024235170043866,0
30.217109398076506,29.978805780363942,40.205113486204596,0.4,2.6373847971567597,1.4744750270188505,1
7.9658476162357195,30.054091254300257,56.61072453508767,0.2,3.8303625305537965,1.994784986203137,0
39.412278957035944,28.819738683195325,55.39502964211632,0.3,3.289521055059119,1.549903155313458,1
28.830926880136133,22.934424221284836,49.122998241418934,0.4,1.6446865907078259,1.038658827723569,0
44.86248299158976,23.573072495064636,31.81335002290678,0.3,4.0098061994292475,1.6270099804473546,1
6.273416098009214,26.806253826584744,22.788609742797913,0.4,4.670539761293753,1.7071538456978164,0
9.918216630604105,33.293782162277296,31.667321740248692,0.3,4.816390845218006,1.988165155967644,0
27.642066165441648,30.35039706387966,22.31408841031697,0.3,3.1479053037500044,1.2484328873050747,0
27.434434311923546,21.5712990219109,29.289948512292337,0.4,2.5494229601999345,1.495626906894259,1
26.774153720706725,25.845247240418665,44.35029752082349,0.3,2.9939780795325377,1.8924738285956892,1
47.375415734132986,31.264736425760294,55.737840335753134,0.2,4.944241125351427,1.0473548491085796,1
48.95018954656022,33.20432547373118,35.84337046663852,0.3,3.974345123978362,0.9303194455304686,1
11.7990748309424,24.188066174354454,32.80462078513146,0.4,3.677159862620382,0.9460926416685225,0
41.39841295403688,27.363783490465277,34.83809858897605,0.2,2.9530718385013426,1.6129113820281695,1
40.23935881000415,36.788954285739116,14.743384385089527,0.4,4.2664557369290375,0.7016112586367864,0
21.358741154218514,32.86370302977484,38.48145727093583,0.4,2.4275486778052247,1.1685532044428963,1
45.0662447889481,25.612814649936134,54.17614921135048,0.3,3.506432784806518,0.7785578226620149,1
45.45524060855619,21.91850747487978,53.83794669316313,0.4,1.766854525971413,1.5362949405791406,0
6.10811403436645,20.25800715421769,34.643511262670884,0.4,1.7273436425114617,0.9066602051607342,0
24.17187159018125,34.36304892940554,54.18527540798191,0.4,3.6700922945566092,1.0237852488177281,1
11.279435573096649,20.58823669040701,56.56676240371538,0.4,4.963978399556941,0.8842095508737872,0
23.058434966704446,20.843142414317875,44.326172066958456,0.3,2.172706727430357,1.7494171148955173,1
49.5899447189302,34.97061467966919,20.903268565904877,0.3,1.3199595633036898,1.3647743471262903,0
27.369651269706505,22.075990462315886,31.870643747296015,0.4,3.742055806567808,0.9122045750943635,1
25.16121325911853,26.241598203604255,42.278502885224746,0.2,4.5270732482728056,0.8385426047846746,1
46.361053498169994,23.834908202080484,20.35345784420619,0.3,4.746797073079154,1.7521895331175004,0
6.435628209701802,27.960591656748964,30.268866909506677,0.2,2.3058659022012655,1.5881679372036253,0
16.730008171304938,34.59820649034779,55.22818591373065,0.4,3.005226514246519,0.657859567853561,0
26.91928965028511,36.75817146983543,25.808639345663224,0.2,3.8730039547106903,1.303569510549041,1
31.661383173833325,27.421779000760992,11.582205680697768,0.2,3.98150436728691,1.4077207667991003,0
49.81646565197564,30.227206064986643,40.59688797671102,0.2,1.1140215153194606,0.5814200838628201,0
12.720853300553696,30.413668962821077,26.256416833569965,0.4,3.1980518068476216,0.8684178684040008,0
11.01775509771651,36.974618738267196,11.399885988227394,0.2,1.5943994719435546,1.1135162377678485,0
32.0792083422118,35.47820954800314,44.73591186544991,0.2,3.2092540629637987,1.4330336002426496,1
7.490312641072032,20.52019883548563,20.196729340731874,0.4,1.5513385071705104,1.733406364025591,0
25.17013192545183,29.158849272209974,32.17012773503656,0.2,2.5903783641428038,0.9846732472638995,1
10.392293954606703,25.373271054087276,24.467702099600956,0.4,4.866698020663883,0.9767836638326624,0
40.41930252202416,33.10668438550506,56.33606976050413,0.3,2.0355102833893524,1.0110710234597218,1
36.97558615140416,34.33732294441096,59.78522351821048,0.4,4.892373408700753,0.5286986439245562,1
22.82301032967136,24.655689916514664,49.86267543607456,0.3,3.1576922736001944,1.5481154281558478,1
16.959718311983142,29.69625890751321,17.05398783732825,0.3,3.734564307940562,1.0524993884463232,0
18.5271211305503,31.16632276761122,39.85409945086698,0.2,1.5058739860451267,1.7288248220560476,0
24.177571685926353,25.735116991317447,50.75761688758981,0.4,2.928653323987026,1.533550031346756,1
19.391209433960675,30.74584797544099,18.701003308741328,0.4,3.688983871115395,1.6512640889182832,0
31.821529489080433,24.04128491085055,13.641019789633276,0.3,2.696266129069709,0.8617661041218978,0
24.53661888323261,29.398434478971122,29.164230113345543,0.3,4.636580604376745,1.8444901047575097,1
17.004887879907045,36.38327338243161,54.27056783164941,0.2,2.6197168911952504,1.169175237094076,0
44.725023768797165,22.60352801665707,24.321728457458843,0.2,1.1081189758383272,1.067136871101425,0
40.36882044240226,33.96034843877916,25.543588238048056,0.2,4.258488421553629,1.3888313618481634,1
14.066030743786676,24.469558085086057,44.11085124459213,0.3,3.8186496733190096,0.9663239094636952,0
39.04287963522997,28.315587608120275,11.993432736361523,0.4,3.1652494478273328,1.7128891892137266,0
43.78214618083694,32.66606987650723,25.668456669971242,0.3,4.21837582233244,1.9120039087422533,1
48.52445862666281,28.621616387386084,19.509079848482422,0.4,1.605971421686328,1.1329754804666967,0
45.06536179263718,34.6657963827616,35.766145721637656,0.4,4.708063946703961,0.6974407540881651,1
11.536544850114367,28.077895143819205,13.4822860879479,0.4,1.0950004173208967,1.4362625057556524,0
40.94735926804096,27.388053527830696,57.12370077810749,0.2,3.9367451240723894,1.2368016620339284,1
44.78784349848816,31.355499307502953,58.80053193407692,0.4,1.8212113921070476,1.4886496775747753,0
16.092078552533263,22.34474655851824,44.314357825482354,0.3,4.099466627778939,0.6928233163382913,0
10.74420646310174,34.68989362725592,26.407651966720532,0.2,2.95128998980654,0.6206416365273433,0
20.817065418229284,24.32145873053338,14.207110087794934,0.4,3.900227471297942,0.8762771256792903,0
13.12557260908363,25.076495900360577,21.977807428291477,0.3,4.890457839173539,1.8289007185516621,0
31.61154755611251,29.516705711933767,10.431645318951828,0.2,1.6071135630939133,1.1656219805454906,0
15.881799059631563,27.582459045599844,47.16788614340803,0.4,3.6597137831020095,1.9306454318306348,0
30.42903250825738,23.72237172253831,57.178363899215036,0.3,3.577875920310881,1.724663127280638,1
6.755289643818786,33.48305838962315,15.485806191822974,0.2,2.896941159587882,1.2736353552325668,0
31.61835208638422,32.13061310593645,28.715361839336246,0.2,3.943437447309862,1.602302830065243,1
26.216591408870688,23.7139920132219,34.6293529549412,0.4,2.9868023321729,1.8047962259008241,1
28.525905838013163,24.066877378685184,40.323555697228215,0.4,3.688888755226953,0.9751584106768767,1
21.086100571150055,35.203862593780144,13.826007368326884,0.3,1.270831206939282,0.8798661046941301,0
23.174424980084602,20.389119366897305,15.834971945621476,0.3,1.8240931710397539,1.2545278103855813,0
48.81711643704064,29.989994481361272,15.89546158572361,0.4,4.767300558512186,1.7268987764533104,0
24.87474581427443,33.7739273657469,20.31267793272623,0.3,2.512946713207277,1.070998236370385,0
42.79268594420937,20.37335048871303,35.65653252851979,0.4,1.3161951432746584,1.4763866814105764,0
19.96092915369366,32.9489849851537,19.69984047823363,0.2,1.1440726269858916,1.2045426461186042,0
13.8633417829519,34.57204276954355,50.09693137747931,0.3,2.6293440254103935,0.9445961681022962,0
20.840716213829324,30.837258492764086,28.06018118795503,0.4,3.2028638469765256,1.5698345018261928,1
7.247698444742879,26.6922804410722,56.880438553179324,0.4,4.891541761910759,1.3831121190043987,0
16.39217324239855,29.589708768120296,44.875884941750925,0.2,2.4085207200122483,0.7988139971336982,0
12.743964985282657,27.544199655126906,45.13341878690687,0.3,4.368563646088244,1.3121205467690473,0
45.80406458315335,20.905872568621835,38.1867021808424,0.2,4.1239905033363335,1.2263379556871719,1
34.60920659474574,35.07442178348681,59.83528195367325,0.3,1.1194099034019915,0.9455074558563297,0
33.69770620538635,35.448296457353464,51.11065124412136,0.2,3.0247958044804455,0.5624126541894363,1
20.210886209060114,25.932178219549343,12.592752174578678,0.3,4.453459834813487,0.8707770509782904,0
38.684218694366,20.892530028931944,37.81577912789861,0.2,4.3192207201272,1.5412815590985531,1
11.22169665608255,27.969312523250277,47.66294389067,0.4,2.7717653611378155,1.584126350489956,0
18.321153171987184,36.91595504955816,46.128536064097986,0.4,3.0035520727939,1.591546188476583,0
5.396783908937499,29.32406275098394,24.128465487961215,0.2,3.1143280044733173,1.5075427110697337,0
49.61172763903774,32.48822267051792,12.56398923060464,0.4,3.1009325008814352,0.8918687472382352,0
21.102311392075297,31.301574932739804,21.466269694654834,0.2,4.720697581206084,1.6543059324436165,0
48.345539530358735,23.717921997162435,28.532013388115274,0.4,4.152711171074465,1.4773401432813555,1
18.90487441104625,36.41595674827279,56.75894478801042,0.3,3.30911504957947,0.6030997167940562,0
48.447669036535686,35.46453602041116,12.34922146768764,0.3,3.7913891584317185,0.7936186219659258,0
13.712408208044232,20.717503460982737,10.159540867042635,0.3,3.0953518250885903,0.9479274064009979,0
33.98934781753047,22.306447340241675,46.320394137388206,0.3,3.4821184976373427,1.7772779056339796,1
48.27055882970227,28.594356604592505,13.301717860389797,0.3,2.3025652109305152,0.9463950556743279,0
10.577667359007286,21.069828178597678,27.572920627808212,0.4,3.826053648625834,1.3391765989361097,0
48.83003731548443,35.338383163923055,26.79721808119427,0.4,4.227100157153021,1.9244664342833937,1
19.71570395237282,31.724312493875914,59.35852232093147,0.2,1.4718171114571246,1.0911851543553355,0
41.55686900874573,22.94390226269754,50.10580986746382,0.4,4.195166894726114,1.954626695562998,1
27.476755466327692,32.69298399088915,49.133295097386174,0.3,3.935237110462198,0.6998419864150944,1
45.337384494682865,23.262826734491423,35.61483903269877,0.2,1.4672089575053162,0.6122474095518964,0
12.835653033238568,36.10852225484358,10.490975178979259,0.2,1.0389208269028458,1.7240543543084572,0
45.42489348037305,24.698888380889525,43.16702229743495,0.4,2.617266421720987,1.816492428730241,1
17.880173833120573,32.812956984555896,22.652604265312107,0.4,4.746273460747801,0.9876903488672876,0
24.62689459168035,31.19221634458529,23.22317233831076,0.4,1.4257291018491505,1.61017691931659,0
42.760208580400956,25.41387741670282,36.754771780881235,0.4,2.569799616000515,1.446246848622018,1
28.963374569520038,31.674927975172526,45.20509701184457,0.3,1.0015867365457982,0.6373367184034775,0
39.05631915177724,35.72280480805974,29.892083641194365,0.4,2.819529177979631,0.6910478801826893,1
46.31182909755525,34.9569383897514,54.25729689309396,0.3,1.6941378883356344,1.2787126260509527,0
10.296575477115379,25.9755103770768,40.30683996439096,0.2,2.2669826122566183,0.6282037586958356,0
38.376175902379856,28.558258086339087,24.95138546091445,0.3,1.3732876216270617,1.876445275007033,0
28.55944982830259,31.335714005772907,24.272607512087816,0.2,3.6425489560802204,0.939238630880052,0
44.647845136978,35.668328586097545,29.300753318417957,0.3,4.918402756550211,1.2851709237148452,1
20.530516359860734,30.369960955441403,32.02566336627147,0.2,3.4398179467629095,1.0558083930541322,1
41.002185064380264,21.77378975620438,18.29584160869434,0.4,2.668576706817338,1.0224940166532992,0
37.88920133037277,33.1415022216956,32.370344003591356,0.2,2.854934384495797,1.5119697754559445,1
35.45210708553711,21.349684947152696,35.28516969380112,0.2,3.8139064653624852,1.8015736384502146,1
36.41512688008942,30.5092287570959,16.84230260293857,0.3,1.9721048883170367,1.198424678801754,0
45.18927986294994,26.443037766153537,52.48991609924056,0.2,3.9481758450664213,1.9539721636539542,1
37.93104603480571,20.17973306519029,18.269946097648194,0.2,3.6677253201330497,1.0983158226377714,0
20.131618534049874,21.621083027854667,38.55129985111028,0.3,4.673063666525216,1.258839409770195,1
49.98451653212727,23.99769747092403,39.483244779102,0.4,3.7003593137156394,0.8744144088069326,1
49.11492819180847,23.562255431206474,37.42987476858314,0.3,2.2783937323437122,1.0821072032263677,1
42.716825993518064,28.44172235359721,12.016513927995579,0.2,1.7871003618075307,0.8745359856139516,0
49.44386273021181,30.453212461090622,31.390651430280087,0.3,1.3712484521634116,1.1378219927069257,0
32.3533206956854,34.6938364972521,39.060500821283924,0.3,4.797351754698012,1.1159721705940109,1
33.0605834979435,28.20574129966775,21.430364498962838,0.4,1.1740406973694775,0.8535275566407546,0
30.51966080784223,31.365139059641006,10.505866209331712,0.4,3.232577604440483,0.9138182591641422,0
42.293305301292264,21.779834627368853,42.758460072449594,0.2,3.499383848979755,1.8924764234726015,1
8.910548190810395,22.048139382087466,19.165978938186736,0.4,3.945063541178583,1.3696679911736234,0
18.15423570596339,28.81021235055656,42.61886889149553,0.4,4.043402235014103,0.7656362103724341,0
32.667677279868826,32.26231855928984,16.357856269473334,0.2,3.006640578580104,0.8508412376536274,0
48.509318618713024,26.531972025456774,12.588379624464471,0.3,3.712350681557508,1.9752089144615645,0
33.098056353514295,36.31956488360075,54.27044299085184,0.4,1.9240533445157801,0.6316811410470352,0
15.506104558365253,27.62016172446187,35.08261117018837,0.2,4.631918900112831,1.4711106480514027,0
20.14324738940759,33.36332350013891,13.28338395652067,0.4,1.4232248798094504,1.3580950874782434,0
22.477233520002013,33.749896453948764,53.95938518098828,0.2,1.1678611738496167,0.8765496668487616,0
44.24789923105374,29.802987053987394,39.969545080754685,0.4,2.8912137277940086,1.3630079518941751,1
5.173046873861561,23.26954867101305,43.3280929413538,0.4,3.153691804512257,0.7513633496348389,0
35.4622364521973,22.488661172163816,47.91911730932077,0.4,1.8794902144945853,1.2745122003389784,0
38.2402406763438,29.976445573750013,13.728050037431613,0.4,4.9363404434888425,1.161218493587502,0
23.98642751475295,27.23492967016227,38.66919449920159,0.4,2.1651753690356217,0.6922748253620339,1
7.015832970434429,36.92298105235007,40.74397799356078,0.4,2.8832864158458023,0.9000693962968063,0
40.82037202192075,26.21626802358294,48.33177763840283,0.2,1.1519381429690774,1.9026774052446167,0
6.240035107863591,35.31889585416444,21.894488355242878,0.2,3.1370905219795664,0.8347248453146224,0
8.059471607823099,21.21269894899835,32.86058917571217,0.2,3.205238937589138,1.054627783411624,0
12.06031515849431,23.073513147664734,37.053547489536804,0.2,2.4765402240722163,1.7475985637610323,0
48.84823751590008,31.9141483985336,53.26711718373619,0.3,4.258560878271788,1.2518882468848425,1
20.39888166179921,30.95196169283075,49.80115785880024,0.4,4.02497747770235,0.9600940483190807,1
28.05402794272036,22.028791114995027,14.371806235791126,0.4,1.5844568754416266,1.2914381316578425,0
15.06523521127117,21.131030327297058,43.46413089921351,0.4,3.2326067223640753,1.0452296158590726,0
25.24854940984557,33.985413918690355,34.98187968833848,0.3,4.447367278256621,1.899122881557037,1
14.02333474605958,21.1629848560365,43.60640813939699,0.2,3.9842034050249797,1.60419732694518,0
41.56968928585879,27.824540788480682,24.463846343930186,0.3,3.515461051996523,1.9003272912266231,0
22.774522821798303,26.741683791190347,57.92940331659383,0.2,1.408434167904618,0.7109018784225473,0
